ano,mes,cambio_venda,ativo_total,credito_emprestimos_titulos,credito_financiamentos,credito_outras_operacoes,credito_total,passivo_total,exportação_fob,importação_fob,exportação_kg,importação_kg
2015,1,2.6623,34834306578.0,2571444465.0,304829194.0,78318169.0,10020705170.0,34834306578.0,3559135917.0,4610173425.0,4703619569.0,1970297486.0
2015,2,2.8782,32939108930.0,2571863585.0,306515589.0,77453579.0,7849779419.0,32939108930.0,3151946642.0,3918597777.0,2776367769.0,1637549267.0
2015,3,3.208,33637792809.0,2581876833.0,309676630.0,77760110.0,7993315399.0,33637792809.0,5252620603.0,4790110971.0,6534974847.0,2197364466.0
2015,4,2.9936,36986736088.0,2579873636.0,306669262.0,75892847.0,11885953520.0,36986736088.0,3194953969.0,4191985141.0,2576431439.0,1696600578.0
2015,5,3.1788,34740936348.0,2581428956.0,307947174.0,74945960.0,9573599345.0,34740936348.0,5000342264.0,4075542938.0,7159525999.0,1740345552.0
2015,6,3.1026,35008530453.0,2586722717.0,323373374.0,73556825.0,9951084011.0,35008530453.0,5131404053.0,4347426084.0,7215884325.0,1758824209.0
2015,7,3.394,34552989063.0,2564214830.0,315750570.0,72443251.0,9506117256.0,34552989063.0,5000421160.0,4690963957.0,7312210653.0,1953685990.0
2015,8,3.6467,40423008979.0,2621678378.0,313899587.0,72089557.0,9578317323.0,40423008979.0,3687110315.0,4035880176.0,4567742196.0,1789129457.0
2015,9,3.9729,43613405011.0,2587638598.0,313419030.0,78328346.0,12317266864.0,43613405011.0,3534112594.0,3766620664.0,4650989303.0,1760231309.0
2015,10,3.8589,42160248778.0,2556109104.0,308769559.0,77573957.0,10091171025.0,42160248778.0,4637382610.0,4072071078.0,7713324559.0,1764322522.0
2015,11,3.8506,42141730941.0,2608318689.0,242226160.0,76660117.0,11482923407.0,42141730941.0,3952152682.0,3435637740.0,6412234975.0,1794281159.0
2015,12,3.9048,38926603506.0,2513602017.0,331493891.0,77849145.0,9763780032.0,38926603506.0,4555843581.0,2825316578.0,7554072811.0,1600156758.0
2016,1,4.0428,44417404847.0,2508906146.0,333585081.0,77357105.0,10725794302.0,44417404847.0,2928585285.0,3117833608.0,4335357243.0,1544606147.0
2016,2,3.9796,56482794123.0,2517209891.0,329899040.0,76560280.0,12670633383.0,56482794123.0,4917972329.0,2925211693.0,9213998448.0,1638153594.0
2016,3,3.5589,82708916225.0,2492335627.0,332122628.0,75794631.0,18449871131.0,82708916225.0,5405694832.0,3131966542.0,9313731162.0,1552975622.0
2016,4,3.4508,126462487479.0,2487707954.0,327154089.0,88377407.0,21617113959.0,126462487479.0,4434731777.0,2893655125.0,6901968610.0,1634793134.0
2016,5,3.5951,205315116887.0,2477633563.0,332062750.0,88027227.0,18887987237.0,205315116887.0,4498029776.0,3260938294.0,6688070122.0,1739921512.0
2016,6,3.2098,57323585746.0,2555675113.0,336769228.0,87290572.0,33468218132.0,57323585746.0,4577154529.0,3525953866.0,6457991026.0,1735601801.0
2016,7,3.239,41097260635.0,2540773993.0,339288290.0,86972086.0,17274673304.0,41097260635.0,4352411560.0,3515228959.0,6403310157.0,1761628426.0
2016,8,3.2403,34829447061.0,2506576862.0,334754882.0,85933600.0,10836828988.0,34829447061.0,4465577405.0,4133154450.0,6058142686.0,2027229231.0
2016,9,3.2462,36289179289.0,2478562826.0,328324891.0,84979805.0,11887269614.0,36289179289.0,4360357448.0,3781936255.0,6308939210.0,2134485382.0
2016,10,3.1811,46506656849.0,2414626821.0,313735385.0,121984061.0,22186733495.0,46506656849.0,3663167866.0,3719117437.0,3852286682.0,2076782384.0
2016,11,3.3967,42856181564.0,2288492288.0,310440059.0,120179791.0,17811304968.0,42856181564.0,3858121327.0,3386166015.0,4003276153.0,1863069124.0
2016,12,3.2591,34533517314.0,2232970381.0,303110221.0,119174407.0,15101692200.0,34533517314.0,4176682724.0,3239617649.0,4106990815.0,2112659940.0
2017,1,3.127,35413014812.0,2183580525.0,294063711.0,116790515.0,16250242871.0,35413014812.0,3851454872.0,3506595303.0,4927009542.0,2035426695.0
2017,2,3.0993,44362735764.0,2173308895.0,289280331.0,115251657.0,19760839469.0,44362735764.0,3979952477.0,2928574210.0,4628159976.0,1703731481.0
2017,3,3.1684,44280677961.0,2170530414.0,284137594.0,112817612.0,18656267890.0,44280677961.0,5301879457.0,3886977031.0,6565722891.0,2177433297.0
2017,4,3.1984,37936441546.0,2171060582.0,280914623.0,111561404.0,13015165241.0,37936441546.0,5244610645.0,3335381905.0,7488463097.0,1708110816.0
2017,5,3.2437,41418370536.0,2160016604.0,317451136.0,109661032.0,16246625072.0,41418370536.0,5468126337.0,3836735948.0,7460617355.0,1955887573.0
2017,6,3.3082,40309441116.0,2172001795.0,323625832.0,107240252.0,14396433383.0,40309441116.0,5503721198.0,3834220477.0,7996395118.0,2029478915.0
2017,7,3.1307,39408188680.0,2159966921.0,320307058.0,105741000.0,13215241599.0,39408188680.0,5027949196.0,3813032826.0,7853402723.0,1913628278.0
2017,8,3.1471,45843955861.0,2124490381.0,312577164.0,101454826.0,17970008018.0,45843955861.0,5165964745.0,4411952490.0,7617292334.0,2207941803.0
2017,9,3.168,50271952925.0,2116992814.0,302970682.0,100497009.0,16389358855.0,50271952925.0,5248866703.0,4477417288.0,8402315486.0,2138221954.0
2017,10,3.2769,69559146334.0,2106591166.0,299147991.0,99126399.0,17835632686.0,69559146334.0,5337588785.0,4120869220.0,7589772553.0,2118824018.0
2017,11,3.2616,88121579413.0,2109992014.0,294990687.0,97770605.0,20492776232.0,88121579413.0,4511032135.0,4204434957.0,5664179678.0,2249848428.0
2017,12,3.308,73473979838.0,2069380697.0,295017543.0,96883712.0,13511306591.0,73473979838.0,4520723798.0,3511242200.0,5241493888.0,1990747326.0
2018,1,3.1624,94093523019.0,2090716132.0,283626201.0,95088060.0,20845908742.0,94093523019.0,4163184183.0,4334935472.0,5407616550.0,2216136926.0
2018,2,3.2449,75947512812.0,2103465170.0,280628881.0,93953552.0,17651334177.0,75947512812.0,4592299445.0,3736599805.0,5715834434.0,1816197994.0
2018,3,3.3238,86324410363.0,2111366660.0,279215428.0,92976343.0,26381592082.0,86324410363.0,6336135980.0,4181447705.0,9309667523.0,1978531769.0
2018,4,3.4811,79286564332.0,2119193481.0,277233552.0,91945189.0,20878779093.0,79286564332.0,4821427325.0,4313875771.0,6168332500.0,2146091186.0
2018,5,3.737,81454704726.0,2112380878.0,239007205.0,90669329.0,22280230217.0,81454704726.0,5888481522.0,3945480109.0,9951547202.0,1729772197.0
2018,6,3.8558,71385972547.0,2109496265.0,239501303.0,89611847.0,22516822939.0,71385972547.0,5460860494.0,4477721644.0,7755781828.0,1968180448.0
2018,7,3.7549,57621270612.0,2097218405.0,246394943.0,88178297.0,15086942508.0,57621270612.0,4787589237.0,4721246781.0,7465574293.0,2285081694.0
2018,8,4.1353,59743395153.0,2095141656.0,248869943.0,86820203.0,15874239452.0,59743395153.0,5583241752.0,5055532593.0,8799494924.0,2206370315.0
2018,9,4.0039,61885234320.0,2101612009.0,246012563.0,85407443.0,17484618798.0,61885234320.0,5174813546.0,4265634475.0,7810504395.0,2016510180.0
2018,10,3.7177,43250621209.0,2104582977.0,255064528.0,84419674.0,11795998255.0,43250621209.0,5252010355.0,4667444390.0,7073704846.0,2049251639.0
2018,11,3.8633,50219141544.0,2119349116.0,253071489.0,83301543.0,15015351017.0,50219141544.0,5619077684.0,4240798970.0,8235793458.0,2000711470.0
2018,12,3.8748,41202983281.0,2100928007.0,246683920.0,82286931.0,10599681073.0,41202983281.0,5501668134.0,3371092134.0,8312370837.0,2069462902.0
2019,1,3.6519,61699904421.0,2120284738.0,244508321.0,81137318.0,17294933684.0,61699904421.0,3829460959.0,4439046932.0,5447412592.0,2562588958.0
2019,2,3.7385,89964698208.0,2131535754.0,245887455.0,80010178.0,25430228797.0,89964698208.0,4662488379.0,3813503947.0,6628264020.0,1938450805.0
2019,3,3.8967,94891419631.0,2141211139.0,257290598.0,78839776.0,27683206074.0,94891419631.0,5510469690.0,3824801650.0,8060584770.0,1572919907.0
2019,4,3.9453,93300051091.0,2165622222.0,258201167.0,76820108.0,25589966030.0,93300051091.0,5292405597.0,4408299776.0,7383384023.0,2129428971.0
2019,5,3.9407,93269461006.0,2181377371.0,263566834.0,75431900.0,25337947768.0,93269461006.0,5483143166.0,4593684282.0,7693400372.0,2113431503.0
2019,6,3.8322,94866143438.0,2202800030.0,262921703.0,74369390.0,28006697611.0,94866143438.0,4938824210.0,4115756178.0,7424888340.0,1948650245.0
2019,7,3.7649,95828540743.0,2218481796.0,269373213.0,72749988.0,30253154529.0,95828540743.0,5522183799.0,4997807454.0,9224186922.0,2471837639.0
2019,8,4.1385,29506447217.0,2231755674.0,275373412.0,70954262.0,6503383509.0,29506447217.0,5317736574.0,5010526630.0,9175524725.0,2430367815.0
2019,9,4.1644,29784272196.0,2246792129.0,266449162.0,69948808.0,6570185193.0,29784272196.0,5162273087.0,4548699234.0,8495200005.0,2158039064.0
2019,10,4.0041,29768529902.0,2262090765.0,265912686.0,68743825.0,6686335122.0,29768529902.0,5820111200.0,5068951135.0,9402856613.0,2700634173.0
2019,11,4.224,30097560197.0,2302385000.0,275462466.0,67925725.0,6796210718.0,30097560197.0,5288197457.0,4199643580.0,7553003039.0,2248981099.0
2019,12,4.0307,29823680207.0,2312962094.0,295629770.0,67151596.0,6887697770.0,29823680207.0,5398551318.0,3652509969.0,8063784506.0,2442226419.0
2020,1,4.2695,30785713788.0,2339997245.0,286522780.0,66166212.0,6971038388.0,30785713788.0,4394053297.0,4593212370.0,6089822230.0,2489681391.0
2020,2,4.4987,30588081598.0,2369311000.0,275919148.0,65415150.0,6581849266.0,30588081598.0,4819107292.0,3553447844.0,7022158666.0,1963970383.0
2020,3,5.1987,31464709947.0,2386482442.0,276672355.0,64263855.0,6569278381.0,31464709947.0,5594209826.0,4055135545.0,9177709578.0,2265602980.0
2020,4,5.427,32516502903.0,2369595924.0,274324728.0,64033259.0,6558660647.0,32516502903.0,5082464386.0,3497445381.0,9524508180.0,2290981458.0
2020,5,5.4263,32268911639.0,2293050970.0,219538356.0,63699624.0,6394242359.0,32268911639.0,5523087152.0,3456654928.0,10979145496.0,2289645807.0
2020,6,5.476,33548578183.0,2371026851.0,287396841.0,62693149.0,6419659723.0,33548578183.0,4981039090.0,3390363237.0,9393087257.0,2068303640.0
2020,7,5.2033,33289315500.0,2462560883.0,284889060.0,61619692.0,6685336688.0,33289315500.0,5150343409.0,3640056520.0,10394090676.0,2366626746.0
2020,8,5.4713,34291122846.0,2570323796.0,286009469.0,60524336.0,6846729837.0,34291122846.0,4686790672.0,3502766768.0,9104162433.0,2321615369.0
2020,9,5.6407,35316371250.0,2678400099.0,287333529.0,59308436.0,7023541378.0,35316371250.0,4890907754.0,3812790155.0,9266592693.0,1919905807.0
2020,10,5.7718,36167751751.0,2714130572.0,295119193.0,58023508.0,7159261704.0,36167751751.0,5143483503.0,4030255993.0,8695622629.0,2444355887.0
2020,11,5.3317,37848870156.0,2770914292.0,295424598.0,56829908.0,7328224840.0,37848870156.0,5012321167.0,4272192450.0,7743191298.0,2284417510.0
2020,12,5.1967,36691726627.0,2787711470.0,296727020.0,55678453.0,7449781975.0,36691726627.0,5136240658.0,4175986721.0,7069310064.0,2489271749.0
2021,1,5.4759,37547201254.0,2822717886.0,284779181.0,54422176.0,7444731886.0,37547201254.0,4089021040.0,4323920018.0,5232937439.0,2516059213.0
2021,2,5.5302,37555952190.0,2849680487.0,279713902.0,53725482.0,7392708795.0,37555952190.0,4750338417.0,4310253867.0,6301699066.0,2309863924.0
2021,3,5.6973,37957957766.0,2866319519.0,278157581.0,52621330.0,7431975282.0,37957957766.0,6674790295.0,5297616870.0,9813921487.0,2609505052.0
2021,4,5.4036,37901583028.0,2862504036.0,280122281.0,51399067.0,7416824741.0,37901583028.0,7033350621.0,4621023094.0,10153132120.0,2095896170.0
2021,5,5.2322,37582161296.0,2896332928.0,275374518.0,50054183.0,7368085561.0,37582161296.0,7395650470.0,5250925643.0,10645264901.0,2411258603.0
2021,6,5.0022,37483525350.0,2928271909.0,275238758.0,49193789.0,7340246546.0,37483525350.0,6708827307.0,5025280789.0,9232062931.0,2357383707.0
2021,7,5.1216,41740375960.0,2997852804.0,279396379.0,48019616.0,7337757059.0,41740375960.0,5787322557.0,5410224067.0,7759402213.0,2644218080.0
2021,8,5.1433,51960821800.0,3034925354.0,279060233.0,46930854.0,7540346018.0,51960821800.0,5825130824.0,5748557979.0,7797916873.0,3038034267.0
2021,9,5.4394,41606850513.0,3091103331.0,272750897.0,45743863.0,7661878414.0,41606850513.0,6335498644.0,5971522567.0,7162028450.0,3405496783.0
2021,10,5.643,42514814538.0,3122832655.0,268293312.0,44709871.0,7759148991.0,42514814538.0,5393912354.0,5472646856.0,6364608606.0,3355031185.0
2021,11,5.6199,39807432568.0,3171520875.0,261317443.0,44087037.0,7859652054.0,39807432568.0,5445427775.0,5597283045.0,6773380878.0,2616684704.0
2021,12,5.5805,39947646720.0,3169719416.0,259949383.0,43579400.0,7888234625.0,39947646720.0,6715629222.0,5723313084.0,7544386103.0,2679059355.0
2022,1,5.3574,39449453557.0,3232484117.0,245886728.0,43163694.0,7851020419.0,39449453557.0,5988632912.0,5260924815.0,6825247809.0,1837126145.0
2022,2,5.1394,39199155786.0,3240079098.0,245129449.0,42857658.0,7758038543.0,39199155786.0,7307954722.0,5313332850.0,8026917427.0,1907179696.0
2022,3,4.7378,38584950924.0,3248294843.0,240553919.0,41766226.0,7633712605.0,38584950924.0,9314811110.0,6348070508.0,10324769286.0,1968209114.0
2022,4,4.9191,38581360705.0,3267464971.0,233366200.0,41281231.0,7560146944.0,38581360705.0,9082878119.0,5724054136.0,9723599183.0,1868610477.0
2022,5,4.7289,38482350582.0,3260297290.0,233273671.0,40368242.0,7509398815.0,38482350582.0,8655561205.0,6666631906.0,9119870096.0,2480752648.0
2022,6,5.238,38845883399.0,3272261288.0,225289222.0,39796580.0,7504968236.0,38845883399.0,9152585099.0,6701369467.0,9245855714.0,2702787102.0
2022,7,5.1884,18541059216.0,3304056123.0,239480142.0,39071371.0,7536450012.0,18541059216.0,7833655686.0,7397033347.0,9252293838.0,3085121853.0
2022,8,5.179,18706649418.0,3371319811.0,235345069.0,38410190.0,7558640049.0,18706649418.0,8497610288.0,8052782572.0,10255949223.0,2737516134.0
2022,9,5.4066,19009795707.0,3406841489.0,235953826.0,37525782.0,7632729394.0,19009795707.0,8009283167.0,7369844672.0,9155209921.0,2831624248.0
2022,10,5.257,19395856770.0,3471211684.0,231066846.0,37027174.0,7769509828.0,19395856770.0,8328675605.0,7018843796.0,10233415723.0,2377650276.0
2022,11,5.2941,19741904340.0,3567661343.0,223051017.0,36621360.0,7935911398.0,19741904340.0,7298062339.0,6356284938.0,8331906374.0,2036650387.0
2022,12,5.2177,19906248958.0,3535626700.0,226436615.0,36330510.0,7991247717.0,19906248958.0,7003972325.0,5682222348.0,8315882539.0,2447384480.0
2023,1,5.0993,19893975798.0,3574688408.0,218879585.0,35878419.0,8038360222.0,19893975798.0,6242594427.0,5715282784.0,6721149148.0,2004588205.0
2023,2,5.2078,19959184312.0,3459504992.0,174587056.0,35712675.0,7935555903.0,19959184312.0,5604578755.0,4676972299.0,5968006128.0,1807090983.0
2023,3,5.0804,20712778895.0,3632882142.0,200854011.0,35183420.0,8440560996.0,20712778895.0,9552871908.0,6211396380.0,11685337266.0,2321827682.0
2023,4,5.0007,20611849883.0,3679853294.0,196353271.0,34500206.0,8541385806.0,20611849883.0,7902575156.0,5397716506.0,9280554772.0,2050272962.0
2023,5,5.0959,20965860152.0,3704487134.0,193421599.0,34114459.0,8797527920.0,20965860152.0,9512798595.0,6076557352.0,11945551951.0,2441907579.0
2023,6,4.8192,21052375984.0,3670082543.0,187058928.0,33527164.0,9132649780.0,21052375984.0,8271795169.0,5557856368.0,10045618607.0,2227152393.0
2023,7,4.7415,21075123168.0,3691916023.0,185264435.0,33176985.0,9249732595.0,21075123168.0,8524442327.0,5745449321.0,11358599978.0,2335177719.0
2023,8,4.9219,21163749355.0,3703293374.0,181293354.0,32502774.0,9474090232.0,21163749355.0,8568459000.0,6242801956.0,11473545951.0,2507769692.0
2023,9,5.0076,21292025672.0,3710233420.0,172126825.0,32036261.0,9576612179.0,21292025672.0,8260755452.0,5572997785.0,12023184811.0,2467155588.0
2023,10,5.0575,21261872105.0,3762737825.0,171572476.0,31604690.0,9653268525.0,21261872105.0,8379074388.0,5962601112.0,10040615356.0,2723366148.0
2023,11,4.9355,21643235975.0,3784766260.0,176125227.0,31164594.0,9715836836.0,21643235975.0,8894145830.0,5349745519.0,12205687512.0,2553601874.0
2023,12,4.8413,21883387468.0,3764547913.0,176265858.0,30791436.0,9772262823.0,21883387468.0,8837678432.0,5027043924.0,11368652748.0,2713099293.0
2024,1,4.9535,22110873223.0,3790887899.0,169751324.0,30168106.0,9890402823.0,22110873223.0,7655267519.0,5825538183.0,9134032648.0,2595585377.0
2024,2,4.9833,22140046858.0,3792931059.0,181807139.0,29629898.0,9702767412.0,22140046858.0,7295742113.0,4791794088.0,8727157096.0,1775066508.0
2024,3,4.9962,22203466576.0,3812304978.0,190476769.0,29302014.0,9487310052.0,22203466576.0,9019651146.0,5577220467.0,12466436916.0,2088772246.0
2024,4,5.1718,22321928735.0,3832544028.0,188603146.0,28603059.0,9588315396.0,22321928735.0,9207811476.0,5861330865.0,11537878688.0,2144652761.0
2024,5,5.2416,21988544647.0,3818390764.0,196810753.0,28379726.0,9788756603.0,21988544647.0,9421194674.0,5703189934.0,11843449671.0,2668188040.0
2024,6,5.5589,22759637344.0,3807096093.0,203819941.0,27756117.0,9860552888.0,22759637344.0,8484258136.0,5897479712.0,11219580694.0,2977508820.0
2024,7,5.6621,22833665415.0,3806919702.0,168104313.0,27160038.0,9828750287.0,22833665415.0,8345495866.0,6552394917.0,10466718842.0,2667444722.0
2024,8,5.6562,23322711961.0,3827433625.0,166039352.0,26636328.0,9775774001.0,23322711961.0,7997969098.0,6780838372.0,10769040993.0,3016487639.0
2024,9,5.4481,22537071324.0,3854673459.0,165375691.0,26088593.0,9836339924.0,22537071324.0,8938260559.0,6719991973.0,11549805491.0,3100214901.0
2024,10,5.7779,22568634886.0,3880169526.0,166773515.0,25505175.0,9829590432.0,22568634886.0,9680954582.0,7457781519.0,12361163866.0,3302932355.0
2024,11,6.0535,22514575963.0,3884602694.0,157025281.0,25188654.0,9563337357.0,22514575963.0,8660803669.0,5679483032.0,10155419435.0,2541462963.0
2024,12,6.1923,23370296529.0,3911191550.0,162441596.0,24848556.0,10160177049.0,23370296529.0,7340086405.0,5464822791.0,7910314280.0,2648824776.0
2025,1,5.8301,19537961944.0,2731737025.0,88078893.0,0.0,7651960763.0,19531851189.0,7869319169.0,6645541084.0,8500212975.0,2673317908.0
2025,2,5.8488,14103149600.0,1880734357.0,89605613.0,0.0,6767884638.0,14097038844.0,6759376418.0,5874047085.0,6878536132.0,2225435656.0
2025,3,5.7422,14448298824.0,1893864648.0,88201115.0,0.0,6769251304.0,14442188069.0,9506824031.0,5925848506.0,11883041487.0,2039346025.0
2025,4,5.6608,14508421705.0,1910235511.0,104151599.0,0.0,6811070017.0,14502310950.0,9387893638.0,6191655163.0,11796919768.0,2413990923.0
2025,5,5.7087,14747683557.0,1913026325.0,103159262.0,0.0,6842585812.0,14741572802.0,9862873849.0,6324838149.0,12655539790.0,2472171343.0
2025,6,5.4571,20231517873.0,2975572653.0,101365339.0,0.0,7968583668.0,20225407117.0,9062733908.0,6901553759.0,11683517967.0,2504162840.0
2025,7,5.6021,13441515364.0,2061933893.0,60886034.0,0.0,6285424256.0,13435404608.0,9595490475.0,7769115650.0,11644599972.0,3292171128.0
2025,8,5.4264,24694861790.0,3672242026.0,158129358.0,0.0,9094678867.0,24688751034.0,8615155220.0,6947563057.0,12345996600.0,2869327650.0
2025,9,5.3186,24698032977.0,3673271392.0,140643900.0,0.0,9389506953.0,24691922221.0,8771108288.0,7291351874.0,11134303084.0,2875263560.0
2025,10,5.3843,,,,,,,9725422277.0,7013862017.0,12545692686.0,3119948667.0
2025,11,5.3338,,,,,,,9112697409.0,6177128434.0,11055053392.0,2486541625.0
2025,12,5.5024,,,,,,,9583512102.0,5900791859.0,11317722154.0,2935466810.0
