ano,mes,id_verbete,valor_total
2015,1,160,10020705170.0
2015,1,161,2571444465.0
2015,1,162,304829194.0
2015,1,171,78318169.0
2015,1,399,34834306578.0
2015,1,899,34834306578.0
2015,2,160,7849779419.0
2015,2,161,2571863585.0
2015,2,162,306515589.0
2015,2,171,77453579.0
2015,2,399,32939108930.0
2015,2,899,32939108930.0
2015,3,160,7993315399.0
2015,3,161,2581876833.0
2015,3,162,309676630.0
2015,3,171,77760110.0
2015,3,399,33637792809.0
2015,3,899,33637792809.0
2015,4,160,11885953520.0
2015,4,161,2579873636.0
2015,4,162,306669262.0
2015,4,171,75892847.0
2015,4,399,36986736088.0
2015,4,899,36986736088.0
2015,5,160,9573599345.0
2015,5,161,2581428956.0
2015,5,162,307947174.0
2015,5,171,74945960.0
2015,5,399,34740936348.0
2015,5,899,34740936348.0
2015,6,160,9951084011.0
2015,6,161,2586722717.0
2015,6,162,323373374.0
2015,6,171,73556825.0
2015,6,399,35008530453.0
2015,6,899,35008530453.0
2015,7,160,9506117256.0
2015,7,161,2564214830.0
2015,7,162,315750570.0
2015,7,171,72443251.0
2015,7,399,34552989063.0
2015,7,899,34552989063.0
2015,8,160,9578317323.0
2015,8,161,2621678378.0
2015,8,162,313899587.0
2015,8,171,72089557.0
2015,8,399,40423008979.0
2015,8,899,40423008979.0
2015,9,160,12317266864.0
2015,9,161,2587638598.0
2015,9,162,313419030.0
2015,9,171,78328346.0
2015,9,399,43613405011.0
2015,9,899,43613405011.0
2015,10,160,10091171025.0
2015,10,161,2556109104.0
2015,10,162,308769559.0
2015,10,171,77573957.0
2015,10,399,42160248778.0
2015,10,899,42160248778.0
2015,11,160,11482923407.0
2015,11,161,2608318689.0
2015,11,162,242226160.0
2015,11,171,76660117.0
2015,11,399,42141730941.0
2015,11,899,42141730941.0
2015,12,160,9763780032.0
2015,12,161,2513602017.0
2015,12,162,331493891.0
2015,12,171,77849145.0
2015,12,399,38926603506.0
2015,12,899,38926603506.0
2016,1,160,10725794302.0
2016,1,161,2508906146.0
2016,1,162,333585081.0
2016,1,171,77357105.0
2016,1,399,44417404847.0
2016,1,899,44417404847.0
2016,2,160,12670633383.0
2016,2,161,2517209891.0
2016,2,162,329899040.0
2016,2,171,76560280.0
2016,2,399,56482794123.0
2016,2,899,56482794123.0
2016,3,160,18449871131.0
2016,3,161,2492335627.0
2016,3,162,332122628.0
2016,3,171,75794631.0
2016,3,399,82708916225.0
2016,3,899,82708916225.0
2016,4,160,21617113959.0
2016,4,161,2487707954.0
2016,4,162,327154089.0
2016,4,171,88377407.0
2016,4,399,126462487479.0
2016,4,899,126462487479.0
2016,5,160,18887987237.0
2016,5,161,2477633563.0
2016,5,162,332062750.0
2016,5,171,88027227.0
2016,5,399,205315116887.0
2016,5,899,205315116887.0
2016,6,160,33468218132.0
2016,6,161,2555675113.0
2016,6,162,336769228.0
2016,6,171,87290572.0
2016,6,399,57323585746.0
2016,6,899,57323585746.0
2016,7,160,17274673304.0
2016,7,161,2540773993.0
2016,7,162,339288290.0
2016,7,171,86972086.0
2016,7,399,41097260635.0
2016,7,899,41097260635.0
2016,8,160,10836828988.0
2016,8,161,2506576862.0
2016,8,162,334754882.0
2016,8,171,85933600.0
2016,8,399,34829447061.0
2016,8,899,34829447061.0
2016,9,160,11887269614.0
2016,9,161,2478562826.0
2016,9,162,328324891.0
2016,9,171,84979805.0
2016,9,399,36289179289.0
2016,9,899,36289179289.0
2016,10,160,22186733495.0
2016,10,161,2414626821.0
2016,10,162,313735385.0
2016,10,171,121984061.0
2016,10,399,46506656849.0
2016,10,899,46506656849.0
2016,11,160,17811304968.0
2016,11,161,2288492288.0
2016,11,162,310440059.0
2016,11,171,120179791.0
2016,11,399,42856181564.0
2016,11,899,42856181564.0
2016,12,160,15101692200.0
2016,12,161,2232970381.0
2016,12,162,303110221.0
2016,12,171,119174407.0
2016,12,399,34533517314.0
2016,12,899,34533517314.0
2017,1,160,16250242871.0
2017,1,161,2183580525.0
2017,1,162,294063711.0
2017,1,171,116790515.0
2017,1,399,35413014812.0
2017,1,899,35413014812.0
2017,2,160,19760839469.0
2017,2,161,2173308895.0
2017,2,162,289280331.0
2017,2,171,115251657.0
2017,2,399,44362735764.0
2017,2,899,44362735764.0
2017,3,160,18656267890.0
2017,3,161,2170530414.0
2017,3,162,284137594.0
2017,3,171,112817612.0
2017,3,399,44280677961.0
2017,3,899,44280677961.0
2017,4,160,13015165241.0
2017,4,161,2171060582.0
2017,4,162,280914623.0
2017,4,171,111561404.0
2017,4,399,37936441546.0
2017,4,899,37936441546.0
2017,5,160,16246625072.0
2017,5,161,2160016604.0
2017,5,162,317451136.0
2017,5,171,109661032.0
2017,5,399,41418370536.0
2017,5,899,41418370536.0
2017,6,160,14396433383.0
2017,6,161,2172001795.0
2017,6,162,323625832.0
2017,6,171,107240252.0
2017,6,399,40309441116.0
2017,6,899,40309441116.0
2017,7,160,13215241599.0
2017,7,161,2159966921.0
2017,7,162,320307058.0
2017,7,171,105741000.0
2017,7,399,39408188680.0
2017,7,899,39408188680.0
2017,8,160,17970008018.0
2017,8,161,2124490381.0
2017,8,162,312577164.0
2017,8,171,101454826.0
2017,8,399,45843955861.0
2017,8,899,45843955861.0
2017,9,160,16389358855.0
2017,9,161,2116992814.0
2017,9,162,302970682.0
2017,9,171,100497009.0
2017,9,399,50271952925.0
2017,9,899,50271952925.0
2017,10,160,17835632686.0
2017,10,161,2106591166.0
2017,10,162,299147991.0
2017,10,171,99126399.0
2017,10,399,69559146334.0
2017,10,899,69559146334.0
2017,11,160,20492776232.0
2017,11,161,2109992014.0
2017,11,162,294990687.0
2017,11,171,97770605.0
2017,11,399,88121579413.0
2017,11,899,88121579413.0
2017,12,160,13511306591.0
2017,12,161,2069380697.0
2017,12,162,295017543.0
2017,12,171,96883712.0
2017,12,399,73473979838.0
2017,12,899,73473979838.0
2018,1,160,20845908742.0
2018,1,161,2090716132.0
2018,1,162,283626201.0
2018,1,171,95088060.0
2018,1,399,94093523019.0
2018,1,899,94093523019.0
2018,2,160,17651334177.0
2018,2,161,2103465170.0
2018,2,162,280628881.0
2018,2,171,93953552.0
2018,2,399,75947512812.0
2018,2,899,75947512812.0
2018,3,160,26381592082.0
2018,3,161,2111366660.0
2018,3,162,279215428.0
2018,3,171,92976343.0
2018,3,399,86324410363.0
2018,3,899,86324410363.0
2018,4,160,20878779093.0
2018,4,161,2119193481.0
2018,4,162,277233552.0
2018,4,171,91945189.0
2018,4,399,79286564332.0
2018,4,899,79286564332.0
2018,5,160,22280230217.0
2018,5,161,2112380878.0
2018,5,162,239007205.0
2018,5,171,90669329.0
2018,5,399,81454704726.0
2018,5,899,81454704726.0
2018,6,160,22516822939.0
2018,6,161,2109496265.0
2018,6,162,239501303.0
2018,6,171,89611847.0
2018,6,399,71385972547.0
2018,6,899,71385972547.0
2018,7,160,15086942508.0
2018,7,161,2097218405.0
2018,7,162,246394943.0
2018,7,171,88178297.0
2018,7,399,57621270612.0
2018,7,899,57621270612.0
2018,8,160,15874239452.0
2018,8,161,2095141656.0
2018,8,162,248869943.0
2018,8,171,86820203.0
2018,8,399,59743395153.0
2018,8,899,59743395153.0
2018,9,160,17484618798.0
2018,9,161,2101612009.0
2018,9,162,246012563.0
2018,9,171,85407443.0
2018,9,399,61885234320.0
2018,9,899,61885234320.0
2018,10,160,11795998255.0
2018,10,161,2104582977.0
2018,10,162,255064528.0
2018,10,171,84419674.0
2018,10,399,43250621209.0
2018,10,899,43250621209.0
2018,11,160,15015351017.0
2018,11,161,2119349116.0
2018,11,162,253071489.0
2018,11,171,83301543.0
2018,11,399,50219141544.0
2018,11,899,50219141544.0
2018,12,160,10599681073.0
2018,12,161,2100928007.0
2018,12,162,246683920.0
2018,12,171,82286931.0
2018,12,399,41202983281.0
2018,12,899,41202983281.0
2019,1,160,17294933684.0
2019,1,161,2120284738.0
2019,1,162,244508321.0
2019,1,171,81137318.0
2019,1,399,61699904421.0
2019,1,899,61699904421.0
2019,2,160,25430228797.0
2019,2,161,2131535754.0
2019,2,162,245887455.0
2019,2,171,80010178.0
2019,2,399,89964698208.0
2019,2,899,89964698208.0
2019,3,160,27683206074.0
2019,3,161,2141211139.0
2019,3,162,257290598.0
2019,3,171,78839776.0
2019,3,399,94891419631.0
2019,3,899,94891419631.0
2019,4,160,25589966030.0
2019,4,161,2165622222.0
2019,4,162,258201167.0
2019,4,171,76820108.0
2019,4,399,93300051091.0
2019,4,899,93300051091.0
2019,5,160,25337947768.0
2019,5,161,2181377371.0
2019,5,162,263566834.0
2019,5,171,75431900.0
2019,5,399,93269461006.0
2019,5,899,93269461006.0
2019,6,160,28006697611.0
2019,6,161,2202800030.0
2019,6,162,262921703.0
2019,6,171,74369390.0
2019,6,399,94866143438.0
2019,6,899,94866143438.0
2019,7,160,30253154529.0
2019,7,161,2218481796.0
2019,7,162,269373213.0
2019,7,171,72749988.0
2019,7,399,95828540743.0
2019,7,899,95828540743.0
2019,8,160,6503383509.0
2019,8,161,2231755674.0
2019,8,162,275373412.0
2019,8,171,70954262.0
2019,8,399,29506447217.0
2019,8,899,29506447217.0
2019,9,160,6570185193.0
2019,9,161,2246792129.0
2019,9,162,266449162.0
2019,9,171,69948808.0
2019,9,399,29784272196.0
2019,9,899,29784272196.0
2019,10,160,6686335122.0
2019,10,161,2262090765.0
2019,10,162,265912686.0
2019,10,171,68743825.0
2019,10,399,29768529902.0
2019,10,899,29768529902.0
2019,11,160,6796210718.0
2019,11,161,2302385000.0
2019,11,162,275462466.0
2019,11,171,67925725.0
2019,11,399,30097560197.0
2019,11,899,30097560197.0
2019,12,160,6887697770.0
2019,12,161,2312962094.0
2019,12,162,295629770.0
2019,12,171,67151596.0
2019,12,399,29823680207.0
2019,12,899,29823680207.0
2020,1,160,6971038388.0
2020,1,161,2339997245.0
2020,1,162,286522780.0
2020,1,171,66166212.0
2020,1,399,30785713788.0
2020,1,899,30785713788.0
2020,2,160,6581849266.0
2020,2,161,2369311000.0
2020,2,162,275919148.0
2020,2,171,65415150.0
2020,2,399,30588081598.0
2020,2,899,30588081598.0
2020,3,160,6569278381.0
2020,3,161,2386482442.0
2020,3,162,276672355.0
2020,3,171,64263855.0
2020,3,399,31464709947.0
2020,3,899,31464709947.0
2020,4,160,6558660647.0
2020,4,161,2369595924.0
2020,4,162,274324728.0
2020,4,171,64033259.0
2020,4,399,32516502903.0
2020,4,899,32516502903.0
2020,5,160,6394242359.0
2020,5,161,2293050970.0
2020,5,162,219538356.0
2020,5,171,63699624.0
2020,5,399,32268911639.0
2020,5,899,32268911639.0
2020,6,160,6419659723.0
2020,6,161,2371026851.0
2020,6,162,287396841.0
2020,6,171,62693149.0
2020,6,399,33548578183.0
2020,6,899,33548578183.0
2020,7,160,6685336688.0
2020,7,161,2462560883.0
2020,7,162,284889060.0
2020,7,171,61619692.0
2020,7,399,33289315500.0
2020,7,899,33289315500.0
2020,8,160,6846729837.0
2020,8,161,2570323796.0
2020,8,162,286009469.0
2020,8,171,60524336.0
2020,8,399,34291122846.0
2020,8,899,34291122846.0
2020,9,160,7023541378.0
2020,9,161,2678400099.0
2020,9,162,287333529.0
2020,9,171,59308436.0
2020,9,399,35316371250.0
2020,9,899,35316371250.0
2020,10,160,7159261704.0
2020,10,161,2714130572.0
2020,10,162,295119193.0
2020,10,171,58023508.0
2020,10,399,36167751751.0
2020,10,899,36167751751.0
2020,11,160,7328224840.0
2020,11,161,2770914292.0
2020,11,162,295424598.0
2020,11,171,56829908.0
2020,11,399,37848870156.0
2020,11,899,37848870156.0
2020,12,160,7449781975.0
2020,12,161,2787711470.0
2020,12,162,296727020.0
2020,12,171,55678453.0
2020,12,399,36691726627.0
2020,12,899,36691726627.0
2021,1,160,7444731886.0
2021,1,161,2822717886.0
2021,1,162,284779181.0
2021,1,171,54422176.0
2021,1,399,37547201254.0
2021,1,899,37547201254.0
2021,2,160,7392708795.0
2021,2,161,2849680487.0
2021,2,162,279713902.0
2021,2,171,53725482.0
2021,2,399,37555952190.0
2021,2,899,37555952190.0
2021,3,160,7431975282.0
2021,3,161,2866319519.0
2021,3,162,278157581.0
2021,3,171,52621330.0
2021,3,399,37957957766.0
2021,3,899,37957957766.0
2021,4,160,7416824741.0
2021,4,161,2862504036.0
2021,4,162,280122281.0
2021,4,171,51399067.0
2021,4,399,37901583028.0
2021,4,899,37901583028.0
2021,5,160,7368085561.0
2021,5,161,2896332928.0
2021,5,162,275374518.0
2021,5,171,50054183.0
2021,5,399,37582161296.0
2021,5,899,37582161296.0
2021,6,160,7340246546.0
2021,6,161,2928271909.0
2021,6,162,275238758.0
2021,6,171,49193789.0
2021,6,399,37483525350.0
2021,6,899,37483525350.0
2021,7,160,7337757059.0
2021,7,161,2997852804.0
2021,7,162,279396379.0
2021,7,171,48019616.0
2021,7,399,41740375960.0
2021,7,899,41740375960.0
2021,8,160,7540346018.0
2021,8,161,3034925354.0
2021,8,162,279060233.0
2021,8,171,46930854.0
2021,8,399,51960821800.0
2021,8,899,51960821800.0
2021,9,160,7661878414.0
2021,9,161,3091103331.0
2021,9,162,272750897.0
2021,9,171,45743863.0
2021,9,399,41606850513.0
2021,9,899,41606850513.0
2021,10,160,7759148991.0
2021,10,161,3122832655.0
2021,10,162,268293312.0
2021,10,171,44709871.0
2021,10,399,42514814538.0
2021,10,899,42514814538.0
2021,11,160,7859652054.0
2021,11,161,3171520875.0
2021,11,162,261317443.0
2021,11,171,44087037.0
2021,11,399,39807432568.0
2021,11,899,39807432568.0
2021,12,160,7888234625.0
2021,12,161,3169719416.0
2021,12,162,259949383.0
2021,12,171,43579400.0
2021,12,399,39947646720.0
2021,12,899,39947646720.0
2022,1,160,7851020419.0
2022,1,161,3232484117.0
2022,1,162,245886728.0
2022,1,171,43163694.0
2022,1,399,39449453557.0
2022,1,899,39449453557.0
2022,2,160,7758038543.0
2022,2,161,3240079098.0
2022,2,162,245129449.0
2022,2,171,42857658.0
2022,2,399,39199155786.0
2022,2,899,39199155786.0
2022,3,160,7633712605.0
2022,3,161,3248294843.0
2022,3,162,240553919.0
2022,3,171,41766226.0
2022,3,399,38584950924.0
2022,3,899,38584950924.0
2022,4,160,7560146944.0
2022,4,161,3267464971.0
2022,4,162,233366200.0
2022,4,171,41281231.0
2022,4,399,38581360705.0
2022,4,899,38581360705.0
2022,5,160,7509398815.0
2022,5,161,3260297290.0
2022,5,162,233273671.0
2022,5,171,40368242.0
2022,5,399,38482350582.0
2022,5,899,38482350582.0
2022,6,160,7504968236.0
2022,6,161,3272261288.0
2022,6,162,225289222.0
2022,6,171,39796580.0
2022,6,399,38845883399.0
2022,6,899,38845883399.0
2022,7,160,7536450012.0
2022,7,161,3304056123.0
2022,7,162,239480142.0
2022,7,171,39071371.0
2022,7,399,18541059216.0
2022,7,899,18541059216.0
2022,8,160,7558640049.0
2022,8,161,3371319811.0
2022,8,162,235345069.0
2022,8,171,38410190.0
2022,8,399,18706649418.0
2022,8,899,18706649418.0
2022,9,160,7632729394.0
2022,9,161,3406841489.0
2022,9,162,235953826.0
2022,9,171,37525782.0
2022,9,399,19009795707.0
2022,9,899,19009795707.0
2022,10,160,7769509828.0
2022,10,161,3471211684.0
2022,10,162,231066846.0
2022,10,171,37027174.0
2022,10,399,19395856770.0
2022,10,899,19395856770.0
2022,11,160,7935911398.0
2022,11,161,3567661343.0
2022,11,162,223051017.0
2022,11,171,36621360.0
2022,11,399,19741904340.0
2022,11,899,19741904340.0
2022,12,160,7991247717.0
2022,12,161,3535626700.0
2022,12,162,226436615.0
2022,12,171,36330510.0
2022,12,399,19906248958.0
2022,12,899,19906248958.0
2023,1,160,8038360222.0
2023,1,161,3574688408.0
2023,1,162,218879585.0
2023,1,171,35878419.0
2023,1,399,19893975798.0
2023,1,899,19893975798.0
2023,2,160,7935555903.0
2023,2,161,3459504992.0
2023,2,162,174587056.0
2023,2,171,35712675.0
2023,2,399,19959184312.0
2023,2,899,19959184312.0
2023,3,160,8440560996.0
2023,3,161,3632882142.0
2023,3,162,200854011.0
2023,3,171,35183420.0
2023,3,399,20712778895.0
2023,3,899,20712778895.0
2023,4,160,8541385806.0
2023,4,161,3679853294.0
2023,4,162,196353271.0
2023,4,171,34500206.0
2023,4,399,20611849883.0
2023,4,899,20611849883.0
2023,5,160,8797527920.0
2023,5,161,3704487134.0
2023,5,162,193421599.0
2023,5,171,34114459.0
2023,5,399,20965860152.0
2023,5,899,20965860152.0
2023,6,160,9132649780.0
2023,6,161,3670082543.0
2023,6,162,187058928.0
2023,6,171,33527164.0
2023,6,399,21052375984.0
2023,6,899,21052375984.0
2023,7,160,9249732595.0
2023,7,161,3691916023.0
2023,7,162,185264435.0
2023,7,171,33176985.0
2023,7,399,21075123168.0
2023,7,899,21075123168.0
2023,8,160,9474090232.0
2023,8,161,3703293374.0
2023,8,162,181293354.0
2023,8,171,32502774.0
2023,8,399,21163749355.0
2023,8,899,21163749355.0
2023,9,160,9576612179.0
2023,9,161,3710233420.0
2023,9,162,172126825.0
2023,9,171,32036261.0
2023,9,399,21292025672.0
2023,9,899,21292025672.0
2023,10,160,9653268525.0
2023,10,161,3762737825.0
2023,10,162,171572476.0
2023,10,171,31604690.0
2023,10,399,21261872105.0
2023,10,899,21261872105.0
2023,11,160,9715836836.0
2023,11,161,3784766260.0
2023,11,162,176125227.0
2023,11,171,31164594.0
2023,11,399,21643235975.0
2023,11,899,21643235975.0
2023,12,160,9772262823.0
2023,12,161,3764547913.0
2023,12,162,176265858.0
2023,12,171,30791436.0
2023,12,399,21883387468.0
2023,12,899,21883387468.0
2024,1,160,9890402823.0
2024,1,161,3790887899.0
2024,1,162,169751324.0
2024,1,171,30168106.0
2024,1,399,22110873223.0
2024,1,899,22110873223.0
2024,2,160,9702767412.0
2024,2,161,3792931059.0
2024,2,162,181807139.0
2024,2,171,29629898.0
2024,2,399,22140046858.0
2024,2,899,22140046858.0
2024,3,160,9487310052.0
2024,3,161,3812304978.0
2024,3,162,190476769.0
2024,3,171,29302014.0
2024,3,399,22203466576.0
2024,3,899,22203466576.0
2024,4,160,9588315396.0
2024,4,161,3832544028.0
2024,4,162,188603146.0
2024,4,171,28603059.0
2024,4,399,22321928735.0
2024,4,899,22321928735.0
2024,5,160,9788756603.0
2024,5,161,3818390764.0
2024,5,162,196810753.0
2024,5,171,28379726.0
2024,5,399,21988544647.0
2024,5,899,21988544647.0
2024,6,160,9860552888.0
2024,6,161,3807096093.0
2024,6,162,203819941.0
2024,6,171,27756117.0
2024,6,399,22759637344.0
2024,6,899,22759637344.0
2024,7,160,9828750287.0
2024,7,161,3806919702.0
2024,7,162,168104313.0
2024,7,171,27160038.0
2024,7,399,22833665415.0
2024,7,899,22833665415.0
2024,8,160,9775774001.0
2024,8,161,3827433625.0
2024,8,162,166039352.0
2024,8,171,26636328.0
2024,8,399,23322711961.0
2024,8,899,23322711961.0
2024,9,160,9836339924.0
2024,9,161,3854673459.0
2024,9,162,165375691.0
2024,9,171,26088593.0
2024,9,399,22537071324.0
2024,9,899,22537071324.0
2024,10,160,9829590432.0
2024,10,161,3880169526.0
2024,10,162,166773515.0
2024,10,171,25505175.0
2024,10,399,22568634886.0
2024,10,899,22568634886.0
2024,11,160,9563337357.0
2024,11,161,3884602694.0
2024,11,162,157025281.0
2024,11,171,25188654.0
2024,11,399,22514575963.0
2024,11,899,22514575963.0
2024,12,160,10160177049.0
2024,12,161,3911191550.0
2024,12,162,162441596.0
2024,12,171,24848556.0
2024,12,399,23370296529.0
2024,12,899,23370296529.0
2025,1,160,7651960763.0
2025,1,161,2731737025.0
2025,1,162,88078893.0
2025,1,171,0.0
2025,1,399,19537961944.0
2025,1,899,19531851189.0
2025,2,160,6767884638.0
2025,2,161,1880734357.0
2025,2,162,89605613.0
2025,2,171,0.0
2025,2,399,14103149600.0
2025,2,899,14097038844.0
2025,3,160,6769251304.0
2025,3,161,1893864648.0
2025,3,162,88201115.0
2025,3,171,0.0
2025,3,399,14448298824.0
2025,3,899,14442188069.0
2025,4,160,6811070017.0
2025,4,161,1910235511.0
2025,4,162,104151599.0
2025,4,171,0.0
2025,4,399,14508421705.0
2025,4,899,14502310950.0
2025,5,160,6842585812.0
2025,5,161,1913026325.0
2025,5,162,103159262.0
2025,5,171,0.0
2025,5,399,14747683557.0
2025,5,899,14741572802.0
2025,6,160,7968583668.0
2025,6,161,2975572653.0
2025,6,162,101365339.0
2025,6,171,0.0
2025,6,399,20231517873.0
2025,6,899,20225407117.0
2025,7,160,6285424256.0
2025,7,161,2061933893.0
2025,7,162,60886034.0
2025,7,171,0.0
2025,7,399,13441515364.0
2025,7,899,13435404608.0
2025,8,160,9094678867.0
2025,8,161,3672242026.0
2025,8,162,158129358.0
2025,8,171,0.0
2025,8,399,24694861790.0
2025,8,899,24688751034.0
2025,9,160,9389506953.0
2025,9,161,3673271392.0
2025,9,162,140643900.0
2025,9,171,0.0
2025,9,399,24698032977.0
2025,9,899,24691922221.0